addClassroom,2021-05-06 12:38:03.48
addUser,2021-05-06 12:38:03.492
addUser,2021-05-06 12:38:03.492
addUser,2021-05-06 12:38:03.492
getUserByUsername,2021-05-06 12:38:03.492
addCourse,2021-05-06 12:38:03.493
getClassroomByID,2021-05-06 12:38:03.493
addClassroomToCourse,2021-05-06 12:38:03.493
addQuiz,2021-05-06 12:38:03.494
addQuestion,2021-05-06 12:38:03.495
addQuestionToQuiz,2021-05-06 12:38:03.495
addClassroom,2021-05-06 12:39:03.885
addUser,2021-05-06 12:39:03.897
addUser,2021-05-06 12:39:03.897
addUser,2021-05-06 12:39:03.897
getUserByUsername,2021-05-06 12:39:03.897
addCourse,2021-05-06 12:39:03.898
getClassroomByID,2021-05-06 12:39:03.898
addClassroomToCourse,2021-05-06 12:39:03.898
addQuiz,2021-05-06 12:39:03.899
addQuestion,2021-05-06 12:39:03.899
addQuestionToQuiz,2021-05-06 12:39:03.9
addClassroom,2021-05-06 12:39:55.747
addUser,2021-05-06 12:39:55.761
addUser,2021-05-06 12:39:55.762
addUser,2021-05-06 12:39:55.762
getUserByUsername,2021-05-06 12:39:55.762
addCourse,2021-05-06 12:39:55.763
getClassroomByID,2021-05-06 12:39:55.763
addClassroomToCourse,2021-05-06 12:39:55.763
addQuiz,2021-05-06 12:39:55.764
addQuestion,2021-05-06 12:39:55.765
addQuestionToQuiz,2021-05-06 12:39:55.765
addClassroom,2021-05-06 13:21:15.54
addUser,2021-05-06 13:21:15.552
addUser,2021-05-06 13:21:15.553
addUser,2021-05-06 13:21:15.553
getUserByUsername,2021-05-06 13:21:15.553
addCourse,2021-05-06 13:21:15.553
getClassroomByID,2021-05-06 13:21:15.554
addClassroomToCourse,2021-05-06 13:21:15.554
addQuiz,2021-05-06 13:21:15.555
addQuestion,2021-05-06 13:21:15.555
addQuestionToQuiz,2021-05-06 13:21:15.555
addClassroom,2021-05-06 13:21:41.31
addUser,2021-05-06 13:21:41.323
addUser,2021-05-06 13:21:41.323
addUser,2021-05-06 13:21:41.323
addQuestion,2021-05-06 13:21:41.324
addClassroom,2021-05-06 13:23:08.693
addUser,2021-05-06 13:23:08.706
addUser,2021-05-06 13:23:08.707
addUser,2021-05-06 13:23:08.707
addQuestion,2021-05-06 13:23:08.707
addUser,2021-05-06 13:23:08.707
addClassroom,2021-05-06 13:23:43.607
addUser,2021-05-06 13:23:43.62
addUser,2021-05-06 13:23:43.62
addUser,2021-05-06 13:23:43.62
addUser,2021-05-06 13:23:43.62
addQuestion,2021-05-06 13:23:43.621
addClassroom,2021-05-06 13:24:29.286
addUser,2021-05-06 13:24:29.298
addUser,2021-05-06 13:24:29.299
addUser,2021-05-06 13:24:29.299
addUser,2021-05-06 13:24:29.299
addQuestion,2021-05-06 13:24:29.299
addClassroom,2021-05-06 13:25:06.95
addUser,2021-05-06 13:25:06.963
addUser,2021-05-06 13:25:06.963
addUser,2021-05-06 13:25:06.963
addUser,2021-05-06 13:25:06.963
addUser,2021-05-06 13:25:06.963
addQuestion,2021-05-06 13:25:06.964
addClassroom,2021-05-24 22:28:56.916
addUser,2021-05-24 22:28:56.927
addUser,2021-05-24 22:28:56.927
addUser,2021-05-24 22:28:56.927
addUser,2021-05-24 22:28:56.927
addUser,2021-05-24 22:28:56.927
addQuestion,2021-05-24 22:28:56.928
addClassroom,2021-05-24 22:41:33.777
addClassroom,2021-05-24 22:41:33.777
addClassroom,2021-05-24 22:41:33.777
addUser,2021-05-24 22:41:33.778
addUser,2021-05-24 22:41:33.778
addUser,2021-05-24 22:41:33.778
addUser,2021-05-24 22:41:33.778
addUser,2021-05-24 22:41:33.778
addUser,2021-05-24 22:41:33.778
addUser,2021-05-24 22:41:33.779
addUser,2021-05-24 22:41:33.779
addClassroom,2021-05-24 22:42:05.673
addClassroom,2021-05-24 22:42:05.673
addClassroom,2021-05-24 22:42:05.674
addUser,2021-05-24 22:42:05.674
addUser,2021-05-24 22:42:05.674
addUser,2021-05-24 22:42:05.674
addUser,2021-05-24 22:42:05.674
addUser,2021-05-24 22:42:05.675
addUser,2021-05-24 22:42:05.675
addUser,2021-05-24 22:42:05.675
addUser,2021-05-24 22:42:05.675
addClassroom,2021-05-24 22:43:44.38
addClassroom,2021-05-24 22:43:44.381
addClassroom,2021-05-24 22:43:44.381
addUser,2021-05-24 22:43:44.381
addUser,2021-05-24 22:43:44.381
addUser,2021-05-24 22:43:44.381
addUser,2021-05-24 22:43:44.382
addUser,2021-05-24 22:43:44.382
addUser,2021-05-24 22:43:44.382
addUser,2021-05-24 22:43:44.382
addUser,2021-05-24 22:43:44.382
addQuestion,2021-05-24 22:43:44.383
addQuestion,2021-05-24 22:43:44.383
addClassroom,2021-05-24 22:44:03.64
addClassroom,2021-05-24 22:44:03.64
addClassroom,2021-05-24 22:44:03.64
addUser,2021-05-24 22:44:03.641
addUser,2021-05-24 22:44:03.641
addUser,2021-05-24 22:44:03.641
addUser,2021-05-24 22:44:03.641
addUser,2021-05-24 22:44:03.641
addUser,2021-05-24 22:44:03.642
addUser,2021-05-24 22:44:03.642
addUser,2021-05-24 22:44:03.642
addQuestion,2021-05-24 22:44:03.642
addQuestion,2021-05-24 22:44:03.642
addClassroom,2021-05-24 23:36:51.297
addClassroom,2021-05-24 23:36:51.298
addClassroom,2021-05-24 23:36:51.298
addUser,2021-05-24 23:36:51.299
addUser,2021-05-24 23:36:51.299
addUser,2021-05-24 23:36:51.299
addQuestion,2021-05-24 23:36:51.3
addQuestion,2021-05-24 23:36:51.301
addUser,2021-05-24 23:36:51.301
addUser,2021-05-24 23:36:51.302
addUser,2021-05-24 23:36:51.302
addUser,2021-05-24 23:36:51.302
addUser,2021-05-24 23:36:51.302
addClassroom,2021-05-24 23:37:45.947
addClassroom,2021-05-24 23:37:45.948
addClassroom,2021-05-24 23:37:45.948
addUser,2021-05-24 23:37:45.949
addUser,2021-05-24 23:37:45.949
addUser,2021-05-24 23:37:45.949
addQuestion,2021-05-24 23:37:45.95
addQuestion,2021-05-24 23:37:45.95
addUser,2021-05-24 23:37:45.951
addUser,2021-05-24 23:37:45.951
addUser,2021-05-24 23:37:45.951
addUser,2021-05-24 23:37:45.952
addUser,2021-05-24 23:37:45.952
addUser,2021-05-24 23:37:45.952
addClassroom,2021-05-24 23:51:31.889
addClassroom,2021-05-24 23:51:31.89
addClassroom,2021-05-24 23:51:31.89
addUser,2021-05-24 23:51:31.891
addUser,2021-05-24 23:51:31.891
addUser,2021-05-24 23:51:31.891
addQuestion,2021-05-24 23:51:31.892
addQuestion,2021-05-24 23:51:31.892
addUser,2021-05-24 23:51:31.893
addUser,2021-05-24 23:51:31.893
addUser,2021-05-24 23:51:31.893
addUser,2021-05-24 23:51:31.893
addUser,2021-05-24 23:51:31.894
addUser,2021-05-24 23:51:31.894
addClassroom,2021-05-24 23:52:23.372
addClassroom,2021-05-24 23:52:23.372
addClassroom,2021-05-24 23:52:23.372
addUser,2021-05-24 23:52:23.373
addUser,2021-05-24 23:52:23.374
addUser,2021-05-24 23:52:23.374
addQuestion,2021-05-24 23:52:23.375
addQuestion,2021-05-24 23:52:23.375
addUser,2021-05-24 23:52:23.376
addUser,2021-05-24 23:52:23.376
addUser,2021-05-24 23:52:23.376
addUser,2021-05-24 23:52:23.376
addUser,2021-05-24 23:52:23.377
addUser,2021-05-24 23:52:23.377
addClassroom,2021-05-24 23:53:08.453
addClassroom,2021-05-24 23:53:08.454
addClassroom,2021-05-24 23:53:08.454
addUser,2021-05-24 23:53:08.455
addUser,2021-05-24 23:53:08.455
addUser,2021-05-24 23:53:08.455
addQuestion,2021-05-24 23:53:08.456
addQuestion,2021-05-24 23:53:08.456
addUser,2021-05-24 23:53:08.457
addUser,2021-05-24 23:53:08.457
addUser,2021-05-24 23:53:08.457
addUser,2021-05-24 23:53:08.457
addUser,2021-05-24 23:53:08.457
addUser,2021-05-24 23:53:08.457
addClassroom,2021-05-24 23:56:08.143
addClassroom,2021-05-24 23:56:08.144
addClassroom,2021-05-24 23:56:08.144
addUser,2021-05-24 23:56:08.145
addUser,2021-05-24 23:56:08.145
addUser,2021-05-24 23:56:08.145
addQuestion,2021-05-24 23:56:08.146
addQuestion,2021-05-24 23:56:08.146
addUser,2021-05-24 23:56:08.147
addUser,2021-05-24 23:56:08.147
addUser,2021-05-24 23:56:08.147
addUser,2021-05-24 23:56:08.147
addUser,2021-05-24 23:56:08.147
addUser,2021-05-24 23:56:08.148
addClassroom,2021-05-25 00:03:42.978
addClassroom,2021-05-25 00:03:42.979
addClassroom,2021-05-25 00:03:42.979
addUser,2021-05-25 00:03:42.98
addUser,2021-05-25 00:03:42.98
addUser,2021-05-25 00:03:42.98
addQuestion,2021-05-25 00:03:42.981
addQuestion,2021-05-25 00:03:42.981
addUser,2021-05-25 00:03:42.982
addUser,2021-05-25 00:03:42.982
addUser,2021-05-25 00:03:42.982
addUser,2021-05-25 00:03:42.983
addUser,2021-05-25 00:03:42.983
addUser,2021-05-25 00:03:42.983
addClassroom,2021-05-25 00:04:19.06
addClassroom,2021-05-25 00:04:19.061
addClassroom,2021-05-25 00:04:19.061
addUser,2021-05-25 00:04:19.062
addUser,2021-05-25 00:04:19.062
addUser,2021-05-25 00:04:19.062
addQuestion,2021-05-25 00:04:19.063
addQuestion,2021-05-25 00:04:19.063
addUser,2021-05-25 00:04:19.064
addUser,2021-05-25 00:04:19.064
addUser,2021-05-25 00:04:19.064
addUser,2021-05-25 00:04:19.065
addUser,2021-05-25 00:04:19.065
addUser,2021-05-25 00:04:19.065
addClassroom,2021-05-25 00:05:07.468
addClassroom,2021-05-25 00:05:07.48
addClassroom,2021-05-25 00:05:07.48
addUser,2021-05-25 00:05:07.48
addUser,2021-05-25 00:05:07.481
addUser,2021-05-25 00:05:07.481
addUser,2021-05-25 00:05:07.481
addUser,2021-05-25 00:05:07.481
addUser,2021-05-25 00:05:07.481
addUser,2021-05-25 00:05:07.482
addUser,2021-05-25 00:05:07.482
addUser,2021-05-25 00:05:07.482
addQuestion,2021-05-25 00:05:07.482
addQuestion,2021-05-25 00:05:07.482
addQuestion,2021-05-25 00:05:07.483
addClassroom,2021-05-27 22:08:57.547
addClassroom,2021-05-27 22:08:57.551
addClassroom,2021-05-27 22:08:57.551
addUser,2021-05-27 22:08:57.557
addUser,2021-05-27 22:08:57.557
addUser,2021-05-27 22:08:57.557
addQuestion,2021-05-27 22:08:57.63
addQuestion,2021-05-27 22:08:57.63
addQuestion,2021-05-27 22:08:57.63
addUser,2021-05-27 22:08:57.635
addUser,2021-05-27 22:08:57.635
addUser,2021-05-27 22:08:57.635
addUser,2021-05-27 22:08:57.635
addUser,2021-05-27 22:08:57.636
addUser,2021-05-27 22:08:57.636
addClassroom,2021-05-27 22:11:13.51
addClassroom,2021-05-27 22:11:13.51
addClassroom,2021-05-27 22:11:13.511
addUser,2021-05-27 22:11:13.511
addUser,2021-05-27 22:11:13.512
addUser,2021-05-27 22:11:13.512
addQuestion,2021-05-27 22:11:13.512
addQuestion,2021-05-27 22:11:13.513
addQuestion,2021-05-27 22:11:13.513
addUser,2021-05-27 22:11:13.513
addUser,2021-05-27 22:11:13.514
addUser,2021-05-27 22:11:13.514
addUser,2021-05-27 22:11:13.514
addUser,2021-05-27 22:11:13.514
addUser,2021-05-27 22:11:13.514
addClassroom,2021-05-27 22:11:34.484
addClassroom,2021-05-27 22:11:34.485
addClassroom,2021-05-27 22:11:34.485
addUser,2021-05-27 22:11:34.486
addUser,2021-05-27 22:11:34.487
addUser,2021-05-27 22:11:34.487
addQuestion,2021-05-27 22:11:34.488
addQuestion,2021-05-27 22:11:34.488
addQuestion,2021-05-27 22:11:34.488
addUser,2021-05-27 22:11:34.489
addUser,2021-05-27 22:11:34.489
addUser,2021-05-27 22:11:34.49
addUser,2021-05-27 22:11:34.49
addUser,2021-05-27 22:11:34.49
addUser,2021-05-27 22:11:34.49
addClassroom,2021-05-27 22:12:01.693
addClassroom,2021-05-27 22:12:01.694
addClassroom,2021-05-27 22:12:01.694
addUser,2021-05-27 22:12:01.695
addUser,2021-05-27 22:12:01.695
addUser,2021-05-27 22:12:01.695
addQuestion,2021-05-27 22:12:01.696
addQuestion,2021-05-27 22:12:01.696
addQuestion,2021-05-27 22:12:01.696
addUser,2021-05-27 22:12:01.697
addUser,2021-05-27 22:12:01.697
addUser,2021-05-27 22:12:01.697
addUser,2021-05-27 22:12:01.697
addUser,2021-05-27 22:12:01.698
addUser,2021-05-27 22:12:01.698
addClassroom,2021-05-27 22:13:34.476
addClassroom,2021-05-27 22:13:34.477
addClassroom,2021-05-27 22:13:34.477
addUser,2021-05-27 22:13:34.478
addUser,2021-05-27 22:13:34.478
addUser,2021-05-27 22:13:34.478
addQuestion,2021-05-27 22:13:34.48
addQuestion,2021-05-27 22:13:34.48
addQuestion,2021-05-27 22:13:34.48
addUser,2021-05-27 22:13:34.481
addUser,2021-05-27 22:13:34.481
addUser,2021-05-27 22:13:34.481
addUser,2021-05-27 22:13:34.481
addUser,2021-05-27 22:13:34.481
addUser,2021-05-27 22:13:34.481
addClassroom,2021-05-27 22:13:52.611
addClassroom,2021-05-27 22:13:52.611
addClassroom,2021-05-27 22:13:52.612
addUser,2021-05-27 22:13:52.612
addUser,2021-05-27 22:13:52.613
addUser,2021-05-27 22:13:52.613
addQuestion,2021-05-27 22:13:52.614
addQuestion,2021-05-27 22:13:52.614
addQuestion,2021-05-27 22:13:52.614
addUser,2021-05-27 22:13:52.615
addUser,2021-05-27 22:13:52.615
addUser,2021-05-27 22:13:52.615
addUser,2021-05-27 22:13:52.615
addUser,2021-05-27 22:13:52.615
addUser,2021-05-27 22:13:52.616
addClassroom,2021-05-27 22:13:59.787
addClassroom,2021-05-27 22:13:59.788
addClassroom,2021-05-27 22:13:59.788
addUser,2021-05-27 22:13:59.789
addUser,2021-05-27 22:13:59.789
addUser,2021-05-27 22:13:59.789
addQuestion,2021-05-27 22:13:59.79
addQuestion,2021-05-27 22:13:59.79
addQuestion,2021-05-27 22:13:59.79
addUser,2021-05-27 22:13:59.791
addUser,2021-05-27 22:13:59.791
addUser,2021-05-27 22:13:59.791
addUser,2021-05-27 22:13:59.791
addUser,2021-05-27 22:13:59.791
addUser,2021-05-27 22:13:59.792
addClassroom,2021-05-27 22:14:06.418
addClassroom,2021-05-27 22:14:06.418
addClassroom,2021-05-27 22:14:06.432
addUser,2021-05-27 22:14:06.433
addUser,2021-05-27 22:14:06.433
addUser,2021-05-27 22:14:06.433
addQuestion,2021-05-27 22:14:06.434
addQuestion,2021-05-27 22:14:06.434
addQuestion,2021-05-27 22:14:06.434
addUser,2021-05-27 22:14:06.435
addUser,2021-05-27 22:14:06.435
addUser,2021-05-27 22:14:06.435
addUser,2021-05-27 22:14:06.435
addUser,2021-05-27 22:14:06.436
addUser,2021-05-27 22:14:06.436
addClassroom,2021-05-27 22:14:36.507
addClassroom,2021-05-27 22:14:36.508
addClassroom,2021-05-27 22:14:36.508
addUser,2021-05-27 22:14:36.509
addUser,2021-05-27 22:14:36.509
addUser,2021-05-27 22:14:36.509
addQuestion,2021-05-27 22:14:36.51
addQuestion,2021-05-27 22:14:36.51
addQuestion,2021-05-27 22:14:36.51
addUser,2021-05-27 22:14:36.511
addUser,2021-05-27 22:14:36.511
addUser,2021-05-27 22:14:36.511
addUser,2021-05-27 22:14:36.511
addUser,2021-05-27 22:14:36.511
addUser,2021-05-27 22:14:36.511
addClassroom,2021-05-27 22:14:46.44
addClassroom,2021-05-27 22:14:46.441
addClassroom,2021-05-27 22:14:46.441
addUser,2021-05-27 22:14:46.442
addUser,2021-05-27 22:14:46.442
addUser,2021-05-27 22:14:46.443
addQuestion,2021-05-27 22:14:46.443
addQuestion,2021-05-27 22:14:46.444
addQuestion,2021-05-27 22:14:46.444
addUser,2021-05-27 22:14:46.444
addUser,2021-05-27 22:14:46.445
addUser,2021-05-27 22:14:46.445
addUser,2021-05-27 22:14:46.445
addUser,2021-05-27 22:14:46.445
addUser,2021-05-27 22:14:46.445
addClassroom,2021-05-27 22:15:19.498
addClassroom,2021-05-27 22:15:19.499
addClassroom,2021-05-27 22:15:19.499
addUser,2021-05-27 22:15:19.5
addUser,2021-05-27 22:15:19.5
addUser,2021-05-27 22:15:19.5
addQuestion,2021-05-27 22:15:19.501
addQuestion,2021-05-27 22:15:19.501
addQuestion,2021-05-27 22:15:19.501
addUser,2021-05-27 22:15:19.502
addUser,2021-05-27 22:15:19.502
addUser,2021-05-27 22:15:19.502
addUser,2021-05-27 22:15:19.502
addUser,2021-05-27 22:15:19.502
addUser,2021-05-27 22:15:19.502
addClassroom,2021-05-27 22:15:44.624
addClassroom,2021-05-27 22:15:44.626
addClassroom,2021-05-27 22:15:44.626
addUser,2021-05-27 22:15:44.627
addUser,2021-05-27 22:15:44.627
addUser,2021-05-27 22:15:44.627
addQuestion,2021-05-27 22:15:44.628
addQuestion,2021-05-27 22:15:44.628
addQuestion,2021-05-27 22:15:44.628
addUser,2021-05-27 22:15:44.629
addUser,2021-05-27 22:15:44.629
addUser,2021-05-27 22:15:44.63
addUser,2021-05-27 22:15:44.63
addUser,2021-05-27 22:15:44.63
addUser,2021-05-27 22:15:44.63
addClassroom,2021-05-27 22:16:42.39
addClassroom,2021-05-27 22:16:42.391
addClassroom,2021-05-27 22:16:42.391
addUser,2021-05-27 22:16:42.392
addUser,2021-05-27 22:16:42.392
addUser,2021-05-27 22:16:42.392
addQuestion,2021-05-27 22:16:42.393
addQuestion,2021-05-27 22:16:42.393
addQuestion,2021-05-27 22:16:42.393
addUser,2021-05-27 22:16:42.394
addUser,2021-05-27 22:16:42.394
addUser,2021-05-27 22:16:42.394
addUser,2021-05-27 22:16:42.394
addUser,2021-05-27 22:16:42.395
addUser,2021-05-27 22:16:42.395
addClassroom,2021-05-27 22:17:41.224
addClassroom,2021-05-27 22:17:41.225
addClassroom,2021-05-27 22:17:41.225
addUser,2021-05-27 22:17:41.226
addUser,2021-05-27 22:17:41.226
addUser,2021-05-27 22:17:41.226
addQuestion,2021-05-27 22:17:41.227
addQuestion,2021-05-27 22:17:41.227
addQuestion,2021-05-27 22:17:41.228
addUser,2021-05-27 22:17:41.228
addUser,2021-05-27 22:17:41.229
addUser,2021-05-27 22:17:41.229
addUser,2021-05-27 22:17:41.229
addUser,2021-05-27 22:17:41.229
addUser,2021-05-27 22:17:41.229
addClassroom,2021-05-27 22:17:56.891
addClassroom,2021-05-27 22:17:56.892
addClassroom,2021-05-27 22:17:56.892
addUser,2021-05-27 22:17:56.893
addUser,2021-05-27 22:17:56.893
addUser,2021-05-27 22:17:56.893
addQuestion,2021-05-27 22:17:56.894
addQuestion,2021-05-27 22:17:56.894
addQuestion,2021-05-27 22:17:56.894
addUser,2021-05-27 22:17:56.895
addUser,2021-05-27 22:17:56.895
addUser,2021-05-27 22:17:56.895
addUser,2021-05-27 22:17:56.896
addUser,2021-05-27 22:17:56.896
addUser,2021-05-27 22:17:56.896
addClassroom,2021-05-27 22:18:21.602
addClassroom,2021-05-27 22:18:21.603
addClassroom,2021-05-27 22:18:21.603
addUser,2021-05-27 22:18:21.604
addUser,2021-05-27 22:18:21.604
addUser,2021-05-27 22:18:21.604
addQuestion,2021-05-27 22:18:21.605
addQuestion,2021-05-27 22:18:21.606
addQuestion,2021-05-27 22:18:21.606
addUser,2021-05-27 22:18:21.606
addUser,2021-05-27 22:18:21.607
addUser,2021-05-27 22:18:21.607
addUser,2021-05-27 22:18:21.607
addUser,2021-05-27 22:18:21.607
addUser,2021-05-27 22:18:21.607
addClassroom,2021-05-27 22:20:06.182
addClassroom,2021-05-27 22:20:06.183
addClassroom,2021-05-27 22:20:06.183
addUser,2021-05-27 22:20:06.184
addUser,2021-05-27 22:20:06.184
addUser,2021-05-27 22:20:06.184
addQuestion,2021-05-27 22:20:06.185
addQuestion,2021-05-27 22:20:06.186
addQuestion,2021-05-27 22:20:06.186
addUser,2021-05-27 22:20:06.186
addUser,2021-05-27 22:20:06.186
addUser,2021-05-27 22:20:06.187
addUser,2021-05-27 22:20:06.187
addUser,2021-05-27 22:20:06.187
addUser,2021-05-27 22:20:06.187
addClassroom,2021-05-27 22:20:46.666
addClassroom,2021-05-27 22:20:46.667
addClassroom,2021-05-27 22:20:46.667
addUser,2021-05-27 22:20:46.668
addUser,2021-05-27 22:20:46.668
addUser,2021-05-27 22:20:46.668
addQuestion,2021-05-27 22:20:46.669
addQuestion,2021-05-27 22:20:46.669
addQuestion,2021-05-27 22:20:46.669
addUser,2021-05-27 22:20:46.67
addUser,2021-05-27 22:20:46.67
addUser,2021-05-27 22:20:46.67
addUser,2021-05-27 22:20:46.67
addUser,2021-05-27 22:20:46.67
addUser,2021-05-27 22:20:46.671
addClassroom,2021-05-27 22:21:05.054
addClassroom,2021-05-27 22:21:05.055
addClassroom,2021-05-27 22:21:05.055
addUser,2021-05-27 22:21:05.056
addUser,2021-05-27 22:21:05.056
addUser,2021-05-27 22:21:05.056
addQuestion,2021-05-27 22:21:05.057
addQuestion,2021-05-27 22:21:05.057
addQuestion,2021-05-27 22:21:05.057
addUser,2021-05-27 22:21:05.058
addUser,2021-05-27 22:21:05.058
addUser,2021-05-27 22:21:05.058
addUser,2021-05-27 22:21:05.059
addUser,2021-05-27 22:21:05.059
addUser,2021-05-27 22:21:05.059
addClassroom,2021-05-27 22:22:40.597
addClassroom,2021-05-27 22:22:40.598
addClassroom,2021-05-27 22:22:40.598
addUser,2021-05-27 22:22:40.599
addUser,2021-05-27 22:22:40.599
addUser,2021-05-27 22:22:40.599
addQuestion,2021-05-27 22:22:40.601
addQuestion,2021-05-27 22:22:40.601
addQuestion,2021-05-27 22:22:40.601
addUser,2021-05-27 22:22:40.602
addUser,2021-05-27 22:22:40.602
addUser,2021-05-27 22:22:40.602
addUser,2021-05-27 22:22:40.602
addUser,2021-05-27 22:22:40.603
addUser,2021-05-27 22:22:40.603
addClassroom,2021-05-27 22:23:05.16
addClassroom,2021-05-27 22:23:05.161
addClassroom,2021-05-27 22:23:05.161
addUser,2021-05-27 22:23:05.162
addUser,2021-05-27 22:23:05.162
addUser,2021-05-27 22:23:05.162
addQuestion,2021-05-27 22:23:05.163
addQuestion,2021-05-27 22:23:05.163
addQuestion,2021-05-27 22:23:05.163
addUser,2021-05-27 22:23:05.164
addUser,2021-05-27 22:23:05.164
addUser,2021-05-27 22:23:05.164
addUser,2021-05-27 22:23:05.164
addUser,2021-05-27 22:23:05.164
addUser,2021-05-27 22:23:05.164
addClassroom,2021-05-27 22:27:51.598
addClassroom,2021-05-27 22:27:51.599
addClassroom,2021-05-27 22:27:51.599
addUser,2021-05-27 22:27:51.6
addUser,2021-05-27 22:27:51.601
addUser,2021-05-27 22:27:51.601
addQuestion,2021-05-27 22:27:51.602
addQuestion,2021-05-27 22:27:51.602
addQuestion,2021-05-27 22:27:51.603
addUser,2021-05-27 22:27:51.603
addUser,2021-05-27 22:27:51.604
addUser,2021-05-27 22:27:51.604
addUser,2021-05-27 22:27:51.604
addUser,2021-05-27 22:27:51.604
addUser,2021-05-27 22:27:51.604
addClassroom,2021-05-27 23:13:22.919
addClassroom,2021-05-27 23:13:22.92
addClassroom,2021-05-27 23:13:22.92
addUser,2021-05-27 23:13:22.921
addUser,2021-05-27 23:13:22.921
addUser,2021-05-27 23:13:22.921
addQuestion,2021-05-27 23:13:22.922
addQuestion,2021-05-27 23:13:22.922
addQuestion,2021-05-27 23:13:22.922
addUser,2021-05-27 23:13:22.923
addUser,2021-05-27 23:13:22.923
addUser,2021-05-27 23:13:22.923
addUser,2021-05-27 23:13:22.924
addUser,2021-05-27 23:13:22.924
addUser,2021-05-27 23:13:22.924
addClassroom,2021-05-27 23:13:47.508
addClassroom,2021-05-27 23:13:47.509
addClassroom,2021-05-27 23:13:47.509
addUser,2021-05-27 23:13:47.51
addUser,2021-05-27 23:13:47.51
addUser,2021-05-27 23:13:47.51
addQuestion,2021-05-27 23:13:47.511
addQuestion,2021-05-27 23:13:47.511
addQuestion,2021-05-27 23:13:47.511
addUser,2021-05-27 23:13:47.512
addUser,2021-05-27 23:13:47.512
addUser,2021-05-27 23:13:47.512
addUser,2021-05-27 23:13:47.513
addUser,2021-05-27 23:13:47.513
addUser,2021-05-27 23:13:47.513
addUser,2021-05-27 23:14:17.258
deleteUser,2021-05-27 23:14:24.0
addClassroom,2021-05-28 09:01:08.03
addClassroom,2021-05-28 09:01:08.049
addClassroom,2021-05-28 09:01:08.049
addUser,2021-05-28 09:01:08.056
addUser,2021-05-28 09:01:08.056
addUser,2021-05-28 09:01:08.056
addQuestion,2021-05-28 09:01:08.129
addQuestion,2021-05-28 09:01:08.129
addQuestion,2021-05-28 09:01:08.129
addUser,2021-05-28 09:01:08.133
addUser,2021-05-28 09:01:08.133
addUser,2021-05-28 09:01:08.133
addUser,2021-05-28 09:01:08.133
addUser,2021-05-28 09:01:08.133
addUser,2021-05-28 09:01:08.134
addClassroom,2021-05-28 09:37:32.362
addClassroom,2021-05-28 09:37:32.363
addClassroom,2021-05-28 09:37:32.363
addUser,2021-05-28 09:37:32.364
addUser,2021-05-28 09:37:32.364
addUser,2021-05-28 09:37:32.364
addQuestion,2021-05-28 09:37:32.365
addQuestion,2021-05-28 09:37:32.365
addQuestion,2021-05-28 09:37:32.366
addUser,2021-05-28 09:37:32.367
addUser,2021-05-28 09:37:32.367
addUser,2021-05-28 09:37:32.367
addUser,2021-05-28 09:37:32.367
addUser,2021-05-28 09:37:32.367
addUser,2021-05-28 09:37:32.367
addUser,2021-05-28 09:37:58.464
addClassroom,2021-05-28 09:38:27.438
addClassroom,2021-05-28 09:38:27.438
addClassroom,2021-05-28 09:38:27.439
addUser,2021-05-28 09:38:27.439
addUser,2021-05-28 09:38:27.439
addUser,2021-05-28 09:38:27.44
addQuestion,2021-05-28 09:38:27.441
addQuestion,2021-05-28 09:38:27.441
addQuestion,2021-05-28 09:38:27.441
addUser,2021-05-28 09:38:27.442
addUser,2021-05-28 09:38:27.442
addUser,2021-05-28 09:38:27.442
addUser,2021-05-28 09:38:27.442
addUser,2021-05-28 09:38:27.442
addUser,2021-05-28 09:38:27.442
addUser,2021-05-28 09:38:27.442
deleteUser,2021-05-28 09:38:46.766
addUser,2021-05-28 09:38:46.766
addClassroom,2021-05-28 09:39:18.382
addClassroom,2021-05-28 09:39:18.382
addClassroom,2021-05-28 09:39:18.383
addUser,2021-05-28 09:39:18.383
addUser,2021-05-28 09:39:18.384
addUser,2021-05-28 09:39:18.384
addQuestion,2021-05-28 09:39:18.385
addQuestion,2021-05-28 09:39:18.385
addQuestion,2021-05-28 09:39:18.385
addUser,2021-05-28 09:39:18.386
addUser,2021-05-28 09:39:18.386
addUser,2021-05-28 09:39:18.386
addUser,2021-05-28 09:39:18.386
addUser,2021-05-28 09:39:18.386
addUser,2021-05-28 09:39:18.387
addUser,2021-05-28 09:39:18.387
deleteUser,2021-05-28 09:39:27.14
addClassroom,2021-05-28 09:42:55.151
addClassroom,2021-05-28 09:42:55.152
addClassroom,2021-05-28 09:42:55.152
addUser,2021-05-28 09:42:55.153
addUser,2021-05-28 09:42:55.153
addUser,2021-05-28 09:42:55.153
addQuestion,2021-05-28 09:42:55.154
addQuestion,2021-05-28 09:42:55.154
addQuestion,2021-05-28 09:42:55.154
addUser,2021-05-28 09:42:55.155
addUser,2021-05-28 09:42:55.155
addUser,2021-05-28 09:42:55.156
addUser,2021-05-28 09:42:55.156
addUser,2021-05-28 09:42:55.156
addUser,2021-05-28 09:42:55.156
addUser,2021-05-28 09:42:55.156
deleteUser,2021-05-28 09:43:15.071
addUser,2021-05-28 09:43:15.071
addClassroom,2021-05-28 09:43:45.834
addClassroom,2021-05-28 09:43:45.835
addClassroom,2021-05-28 09:43:45.835
addUser,2021-05-28 09:43:45.836
addUser,2021-05-28 09:43:45.837
addUser,2021-05-28 09:43:45.837
addQuestion,2021-05-28 09:43:45.838
addQuestion,2021-05-28 09:43:45.838
addQuestion,2021-05-28 09:43:45.838
addUser,2021-05-28 09:43:45.839
addUser,2021-05-28 09:43:45.839
addUser,2021-05-28 09:43:45.839
addUser,2021-05-28 09:43:45.839
addUser,2021-05-28 09:43:45.839
addUser,2021-05-28 09:43:45.84
addUser,2021-05-28 09:43:45.84
addClassroom,2021-05-28 09:51:26.783
addClassroom,2021-05-28 09:51:26.784
addClassroom,2021-05-28 09:51:26.784
addUser,2021-05-28 09:51:26.785
addUser,2021-05-28 09:51:26.785
addUser,2021-05-28 09:51:26.785
addQuestion,2021-05-28 09:51:26.786
addQuestion,2021-05-28 09:51:26.786
addQuestion,2021-05-28 09:51:26.787
addUser,2021-05-28 09:51:26.787
addUser,2021-05-28 09:51:26.787
addUser,2021-05-28 09:51:26.788
addUser,2021-05-28 09:51:26.788
addUser,2021-05-28 09:51:26.788
addUser,2021-05-28 09:51:26.788
addUser,2021-05-28 09:51:26.788
deleteUser,2021-05-28 09:51:39.943
addUser,2021-05-28 09:51:39.943
